name, age, e-mail, division, telephone, sex
조예서, 41, hcqi0kt7@bhban.com, z6c, 010-6180-2075, male
이지은, 37, 3b1zudzr@bhban.com, dzt, 010-1900-8011, female
윤채우, 57, z9ine6g9@bhban.com, niz, 010-8470-2057, female
장민은, 48, yr15m5ln@bhban.com, yfg, 010-9661-2897, male
임채준, 54, kf99y60x@bhban.com, h7x, 010-6440-1458, female
조도호, 28, 74do0kvz@bhban.com, sal, 010-4597-4513, female
강서원, 47, 4kcqsmp8@bhban.com, o0o, 010-5460-1136, female
장주아, 58, 83egh0oe@bhban.com, q6e, 010-9987-3178, male
윤지아, 20, 6t3z95o1@bhban.com, 8rs, 010-7029-9176, male
박예서, 28, 85dg2r8d@bhban.com, 814, 010-8768-4805, female
임채후, 67, vn8y4z2p@bhban.com, 5gc, 010-9136-1334, female
이윤은, 20, hk1ixztc@bhban.com, z9t, 010-9179-1756, male
임지준, 38, 6gqlzk2z@bhban.com, rl8, 010-9754-9250, female
윤윤후, 30, ah6whdtm@bhban.com, fsu, 010-8441-8928, male
조지서, 62, ao6kgfx8@bhban.com, 4kt, 010-2851-1523, male
장서서, 39, l9uusfp1@bhban.com, yzr, 010-6378-8068, male
박윤윤, 57, 2ozv6mbz@bhban.com, 8xv, 010-1506-3924, female
조예윤, 48, u7ss4bbl@bhban.com, h3k, 010-3181-1602, female
이하진, 51, w4g052pz@bhban.com, sov, 010-6182-6503, female
이현서, 53, 8z5qv7a5@bhban.com, fmg, 010-9798-6794, female
김서우, 31, p7hee03w@bhban.com, 6l7, 010-2736-3053, female
박현아, 52, h6z30rzd@bhban.com, sa2, 010-5314-3401, male
박예은, 58, hbebp8ra@bhban.com, hhc, 010-9704-3078, male
김지원, 36, x9ntu77n@bhban.com, vqw, 010-4043-7581, female
장도윤, 29, 4cdup2z8@bhban.com, 4k5, 010-3429-1177, female
이현연, 67, 4kpogver@bhban.com, bh5, 010-5816-1798, female
윤예연, 64, 6wkz6cz9@bhban.com, vfv, 010-7280-8967, male
이지은, 70, 67d2umrs@bhban.com, ieu, 010-1640-4069, male
조하후, 58, obybsrro@bhban.com, nia, 010-9875-2424, male
임채원, 42, 1pfp1a7h@bhban.com, dpr, 010-8133-8146, male
장민서, 20, 5qmwekar@bhban.com, m33, 010-1884-1090, female
김윤윤, 28, 1ef53lxi@bhban.com, ael, 010-9555-3906, female
정주진, 62, ltvuiaqg@bhban.com, gxi, 010-8587-8900, male
박윤호, 34, 2u21gqqq@bhban.com, kav, 010-8934-9538, female
윤민준, 52, nu949oz1@bhban.com, sbf, 010-9574-4557, male
조민서, 49, 4iaaz745@bhban.com, zmr, 010-2785-1316, female
조주서, 27, d2ns5qzm@bhban.com, lym, 010-6588-6054, male
이채연, 34, 61ienlsr@bhban.com, 599, 010-7601-8394, male
조윤원, 59, l8ztbshy@bhban.com, 2sr, 010-8306-2718, male
조채우, 62, eh8clbst@bhban.com, r86, 010-1036-3655, female
박지은, 67, 4o5d2p0e@bhban.com, wiq, 010-7673-8306, male
임민은, 60, z3azee5x@bhban.com, 13w, 010-2067-9925, female
장윤아, 62, bs45kvfq@bhban.com, hl6, 010-2447-9144, male
정지은, 29, 7miz1tgf@bhban.com, 4bp, 010-7229-1527, female
조지호, 31, kcztw316@bhban.com, szw, 010-3722-6729, female
정서진, 38, yl03o3o0@bhban.com, 34l, 010-2056-9264, female
장현서, 59, 4tlnnmqm@bhban.com, ceh, 010-9870-1821, female
조현연, 51, pe7yisb7@bhban.com, 2dd, 010-1091-2388, female
김예아, 68, lpsw7ywa@bhban.com, qbd, 010-1350-6940, male
최민호, 49, yuwcxlhd@bhban.com, moc, 010-4667-1834, female
임주은, 23, oes2ly3z@bhban.com, i6i, 010-5467-5316, male
강도연, 46, yq02r8iw@bhban.com, s0t, 010-6566-7896, male
조주연, 42, zf868zam@bhban.com, 48z, 010-1678-8647, female
박현원, 66, 7g0dydft@bhban.com, rxw, 010-5326-6222, male
김예준, 33, zb2cdlne@bhban.com, swt, 010-5361-9311, male
김서은, 53, kdwnbsdv@bhban.com, 12l, 010-8927-3630, female
조윤우, 55, fi6vn3og@bhban.com, gpb, 010-2822-4937, male
김채진, 49, 1d9fkyac@bhban.com, rqb, 010-9604-3127, male
장예은, 41, 2zyb41mm@bhban.com, zzq, 010-1469-6860, male
이도서, 62, b5dp9s6i@bhban.com, qe6, 010-8591-3818, male
임윤호, 60, yzg956mz@bhban.com, hhm, 010-2578-1376, male
정채준, 38, 7rh791p4@bhban.com, g30, 010-1979-5248, female
임주서, 65, qmttthdf@bhban.com, zq6, 010-8036-9899, female
강윤연, 50, uf7fwttg@bhban.com, k25, 010-2716-6055, female
박하아, 65, aaem8n35@bhban.com, zlf, 010-8404-1224, female
최서호, 69, zzhzmcvz@bhban.com, sym, 010-7590-8204, female
이윤윤, 53, 6rx75421@bhban.com, 9ht, 010-3430-4134, female
김지호, 30, rg7s6nxi@bhban.com, dy5, 010-8851-2835, male
최윤준, 66, 2nfah58d@bhban.com, kze, 010-2437-4360, male
강지연, 24, w9mpcyo6@bhban.com, dsb, 010-7433-1525, female
박채아, 20, fz8vozyu@bhban.com, z0e, 010-4430-3616, male
최하은, 50, 18guexly@bhban.com, wfa, 010-4294-9781, female
윤지후, 47, wxbe28nm@bhban.com, tmo, 010-2461-8259, male
이예후, 39, nzlluzms@bhban.com, ugb, 010-4416-3061, female
조지우, 51, m88g4p93@bhban.com, wzv, 010-4612-2836, male
윤서준, 61, wmz3zows@bhban.com, moa, 010-4323-6695, female
임예우, 34, mgqx8n3c@bhban.com, z7r, 010-3545-1949, male
이하진, 30, 6vmg7fgu@bhban.com, 0rb, 010-1406-3157, male
윤주서, 25, zfmfpmb2@bhban.com, sao, 010-3632-1773, female
정현진, 64, 51urflzu@bhban.com, 30i, 010-4282-4844, male
이주아, 41, 2y9dqlyl@bhban.com, ae5, 010-6976-2539, female
최지윤, 20, zx6a7a3u@bhban.com, 0z7, 010-5391-4615, male
최지원, 48, 17i5ez00@bhban.com, y53, 010-5284-5429, male
조지우, 59, klfmay1n@bhban.com, mql, 010-7399-5185, male
강윤원, 49, ts9uxq8q@bhban.com, 20c, 010-8741-9620, female
임윤윤, 39, bkutg4mm@bhban.com, qva, 010-1259-3014, female
박도진, 54, vkalz5k1@bhban.com, fqn, 010-1055-8639, male
조지은, 59, 6yqbcv4m@bhban.com, p1p, 010-2316-5873, male
최도호, 68, 5rrqfzds@bhban.com, knt, 010-7818-3347, female
박하후, 44, qe5v38zt@bhban.com, 8v0, 010-6539-2536, female
강채연, 26, wzs6wh0z@bhban.com, kfd, 010-5564-5692, female
김도아, 69, 86ya5hga@bhban.com, 9d4, 010-9576-4196, female
윤민서, 49, sl74mwvb@bhban.com, wsy, 010-2275-9470, male
강윤원, 69, 5fmo4clz@bhban.com, uis, 010-9379-1577, male
정지연, 21, dxqqa5mf@bhban.com, 227, 010-7446-5572, male
장윤진, 23, xlgzlr1t@bhban.com, xs5, 010-6927-5357, male
최민서, 47, dpcqfh2x@bhban.com, zzm, 010-3159-5488, female
이주호, 33, ii7fzuyp@bhban.com, 5sn, 010-1627-4242, female
박하후, 57, ssb8qane@bhban.com, 8pv, 010-8450-9921, female
임도준, 49, x62lz316@bhban.com, 0xl, 010-4489-9771, male
김주우, 62, zc72uqz7@bhban.com, ksc, 010-9920-3402, female
조지은, 61, zh7kzutx@bhban.com, odm, 010-4288-9649, female
박서준, 39, xz3676om@bhban.com, vk0, 010-7556-6026, female
이하우, 36, uzrunb4t@bhban.com, 0dx, 010-4466-3417, female
윤서우, 27, qk1fvwfs@bhban.com, ba8, 010-8996-4125, female
이채준, 50, wquhizpm@bhban.com, 8qp, 010-7354-2568, male
박현후, 37, fmr1ywlt@bhban.com, 4kv, 010-5117-2116, female
김서준, 25, kl0pgl37@bhban.com, v8p, 010-8278-1805, male
이지준, 20, cq7s9dmw@bhban.com, eul, 010-7485-7179, female
박도우, 44, yszcbp3h@bhban.com, zzk, 010-9605-4109, male
정서진, 57, 2sal3582@bhban.com, 008, 010-4461-9579, male
최채진, 57, zyqlgewv@bhban.com, aq9, 010-5869-9313, male
이주서, 66, 766e75b8@bhban.com, fx6, 010-2631-6105, male
윤하준, 32, hke8k9mi@bhban.com, ez1, 010-2345-8430, female
윤채연, 69, 5hwtfn5w@bhban.com, uci, 010-9209-5122, female
최주아, 55, nu5028ez@bhban.com, h93, 010-3218-7507, female
임지후, 44, flh5lr00@bhban.com, x70, 010-7202-2663, female
강현준, 36, wo1bsybx@bhban.com, p7v, 010-6689-6948, female
최윤후, 42, sxkxcxhr@bhban.com, rah, 010-2699-2088, male
정윤윤, 65, t28zzn5x@bhban.com, rz6, 010-4764-2412, male
박서호, 69, 549stcss@bhban.com, uxv, 010-7858-8185, female
정서진, 37, vqbzu7ga@bhban.com, 2ez, 010-8056-1976, male
김주서, 32, uulewwa4@bhban.com, q5z, 010-2500-2456, male
박현윤, 52, 5rfig15b@bhban.com, 0n5, 010-7258-7752, female
장민연, 63, mn5a58g5@bhban.com, u5l, 010-6144-7209, female
이민연, 66, gy771czu@bhban.com, i2e, 010-3043-2887, male
박채진, 53, 2ofcxog4@bhban.com, 16t, 010-9047-9874, female
최지후, 26, 7rylco6v@bhban.com, bgc, 010-5254-2365, male
임채원, 43, o9b403eg@bhban.com, k01, 010-7132-5354, male
최하후, 26, gzya202w@bhban.com, w5b, 010-8342-2168, female
조도은, 61, dc9mo23x@bhban.com, scq, 010-7295-1049, male
윤지서, 64, cuigt4ga@bhban.com, nu5, 010-3875-2187, male
윤윤호, 36, to836qez@bhban.com, wpd, 010-9413-6358, male
김현서, 55, zzht2c9q@bhban.com, i1o, 010-4544-6342, male
최하준, 54, dzte9z0l@bhban.com, x5a, 010-1054-8351, male
최채호, 23, h8dhy8zr@bhban.com, 04d, 010-1630-2318, female
윤지서, 66, 3707adoz@bhban.com, b2d, 010-3187-8177, female
이지서, 24, otx9ecqo@bhban.com, zot, 010-2300-6546, female
최민호, 64, ugoouvm3@bhban.com, 2pv, 010-8855-5733, male
이지아, 30, ziry3doa@bhban.com, 92e, 010-6816-2950, male
윤서연, 33, gao8zkqc@bhban.com, dxo, 010-5850-3270, female
조현연, 66, yu9sefpt@bhban.com, hzn, 010-7247-6595, male
조도진, 29, 6n5z3y3y@bhban.com, 3uh, 010-2639-3103, male
김민진, 21, 0hfdclnz@bhban.com, 847, 010-8615-5481, male
조하아, 27, ig03nqgt@bhban.com, eun, 010-8303-3000, male
최하호, 38, ki76mgzf@bhban.com, 1lq, 010-3611-7210, male
박서아, 32, 28nancu8@bhban.com, axm, 010-3880-8715, female
강채호, 70, vlinlrdk@bhban.com, zpm, 010-3994-9474, male
이예연, 59, 37rton03@bhban.com, 0gc, 010-4953-6457, female
이예원, 51, 30rbz1k2@bhban.com, 1c2, 010-9516-8163, male
장현윤, 41, n1yg6xlg@bhban.com, 2oz, 010-5024-2169, female
박채후, 36, m8wt7iuq@bhban.com, xxg, 010-7818-7253, female
윤하윤, 49, vlerewz0@bhban.com, ie9, 010-3890-7554, female
정도후, 40, 9z22v27d@bhban.com, ftv, 010-6761-4645, male
임민은, 24, fo8ar3d2@bhban.com, yxz, 010-6318-4516, female
김윤후, 25, t4mai9zo@bhban.com, gpk, 010-6372-5452, female
이예아, 43, 1pug2il7@bhban.com, 68o, 010-1844-5261, female
최주호, 45, 3o4nci1m@bhban.com, pw2, 010-3198-5867, female
윤지서, 63, zplu868t@bhban.com, ze3, 010-1653-4306, female
임민진, 70, m61dcmmp@bhban.com, ih8, 010-3352-9771, male
박도연, 69, y3e33zk0@bhban.com, 5n1, 010-7902-7372, male
임현진, 40, n2zhk89u@bhban.com, w7v, 010-2377-9163, female
장지은, 60, ku8p0ib8@bhban.com, 1ta, 010-5650-7222, female
조예은, 57, 4eetur1v@bhban.com, pig, 010-2401-9544, female
조민원, 42, wh2zrxx7@bhban.com, kz7, 010-8565-1882, female
윤주진, 61, lqiwhwtc@bhban.com, onm, 010-1733-7821, female
장윤원, 44, ahsutfan@bhban.com, u5z, 010-2668-7121, male
강현호, 52, 1ccckxbm@bhban.com, 16a, 010-4473-9547, female
강주후, 26, k2lz26xh@bhban.com, dm8, 010-3458-4785, male
임도윤, 66, c7hf10wg@bhban.com, wbn, 010-1717-7615, male
이지후, 50, dec7c7zi@bhban.com, zho, 010-2961-2393, female
정하원, 43, rvb2pzru@bhban.com, 7zp, 010-7793-5811, male
임윤서, 55, qlklgz5n@bhban.com, fol, 010-5013-5858, female
김채후, 59, ftkkf9as@bhban.com, uis, 010-4702-2123, female
최민아, 68, z2uppp06@bhban.com, oxe, 010-8228-1541, male
정현우, 67, dzcwtz1h@bhban.com, 5py, 010-2860-8394, male
윤하진, 45, x1t6n6gh@bhban.com, 7tt, 010-3502-3619, male
강민호, 33, 9e0ixwok@bhban.com, yca, 010-8060-3334, female
임윤연, 34, uquy2zsg@bhban.com, 92s, 010-3507-7740, male
윤서원, 23, 9o2rt9ly@bhban.com, 562, 010-2000-3370, female
조현은, 46, ciq8zziq@bhban.com, 1zm, 010-4294-5133, female
윤윤호, 70, qdtmeqf8@bhban.com, z31, 010-1485-8275, male
조지아, 70, 90nk61fq@bhban.com, lab, 010-8819-6156, female
최지우, 30, 0eibswcl@bhban.com, 9t1, 010-4950-7832, male
장지원, 24, f8rknx03@bhban.com, o3y, 010-3070-8608, male
박현원, 57, z08496rq@bhban.com, 4hm, 010-1989-9208, female
정지진, 28, wlwizbcr@bhban.com, c2v, 010-7881-6070, female
강예후, 41, f92nzeyx@bhban.com, irk, 010-4822-1443, male
김지준, 47, hcbu567g@bhban.com, yih, 010-9447-3822, male
최하원, 32, c06bux9i@bhban.com, pgs, 010-5645-5992, female
장지준, 31, pp1d4mpo@bhban.com, m36, 010-5357-2856, male
이현윤, 44, ou2omlex@bhban.com, 7ur, 010-9828-7846, female
윤예아, 20, wm1yl89o@bhban.com, i2h, 010-1723-7290, female
김민후, 66, li8mih30@bhban.com, ad9, 010-9860-3924, male
강하윤, 57, q777szxl@bhban.com, uzx, 010-7920-2295, male
정도서, 37, 6dolm68a@bhban.com, m0c, 010-9914-7452, male
정민은, 59, g6ccy1ub@bhban.com, 5ro, 010-2972-2806, male
장윤아, 53, y16h3p6w@bhban.com, ig7, 010-3267-4053, male
정서우, 40, b1nssw30@bhban.com, fwx, 010-7954-9590, male
박도연, 21, 17igrbmc@bhban.com, zab, 010-6071-5882, female
박채은, 49, sdzczszr@bhban.com, qgs, 010-8363-3063, male
이도진, 39, pf3vymtu@bhban.com, xm1, 010-2955-1602, male
장예우, 41, zedpx11a@bhban.com, oe0, 010-2140-7473, male
장도원, 65, 02o9k09e@bhban.com, hx1, 010-2147-2785, female
이지후, 64, p8bs51zi@bhban.com, ekt, 010-3358-4586, female
조주은, 36, z3agkzuv@bhban.com, 5x5, 010-8753-5966, male
박주후, 22, 9ooy1oxq@bhban.com, ufv, 010-9410-7020, female
이지원, 70, 327cpl77@bhban.com, h1g, 010-8828-9234, female
강현연, 30, nviaotdc@bhban.com, 2wk, 010-3841-5987, male
정예아, 52, plnz0ico@bhban.com, szw, 010-6939-3183, female
조지호, 50, et8w0no6@bhban.com, 03e, 010-1570-6879, female
박윤윤, 69, 4323lusr@bhban.com, 8ag, 010-4063-2067, female
김현우, 68, dqnpktoa@bhban.com, ai8, 010-8879-6549, female
김지우, 55, rorwz69b@bhban.com, vr1, 010-1383-1408, male
임현준, 44, 2iisg0a3@bhban.com, z7f, 010-6308-6030, female
조서윤, 53, nf4kuzdi@bhban.com, gn3, 010-5873-1205, male
최하호, 46, dgg0zzr0@bhban.com, ob0, 010-3115-7838, female
윤현윤, 46, 644zfrbv@bhban.com, et1, 010-9169-5524, female
박하윤, 40, z3deyo3p@bhban.com, mbm, 010-4335-5630, female
장도연, 57, crstzffz@bhban.com, 7fu, 010-1291-2083, male
정지후, 30, add902x5@bhban.com, n8a, 010-9932-3817, female
장예은, 40, 4lhodl87@bhban.com, 609, 010-7017-9576, male
최현우, 33, zcstzgec@bhban.com, laf, 010-5890-4352, male
윤서호, 23, 8n9fqkbf@bhban.com, v8w, 010-3299-3850, male
최주연, 31, kma1herg@bhban.com, 0qo, 010-6637-7664, female
장지윤, 27, 04wh6aa3@bhban.com, 7o7, 010-9645-7430, female
장지원, 35, 9n5ntqb3@bhban.com, w7v, 010-9658-3056, female
김주원, 55, mg7ibrlh@bhban.com, ava, 010-4719-9271, male
윤예호, 24, 91pyv7pl@bhban.com, d84, 010-6230-8417, male
박지우, 24, keriifxc@bhban.com, wo5, 010-9373-2980, female
정주아, 22, 6crcsz81@bhban.com, 5om, 010-6270-4484, female
윤민아, 62, t4l9aboe@bhban.com, nzb, 010-9582-2201, female
박지우, 59, hgre58qq@bhban.com, yv5, 010-5269-3341, female
장주서, 69, o5lv2nws@bhban.com, akz, 010-5088-8955, female
정하준, 21, ls70tflc@bhban.com, 532, 010-5932-3931, female
박현진, 56, t8den3qk@bhban.com, s6i, 010-8003-2340, female
윤서연, 65, rx3l2ok7@bhban.com, r7q, 010-7405-2564, male
조하연, 51, knu4x86y@bhban.com, hve, 010-4933-3819, male
윤현호, 33, 710tmmsn@bhban.com, 5bf, 010-8397-1868, female
이서윤, 43, flk49x04@bhban.com, 7ie, 010-5424-7724, male
김주진, 56, m59vvio0@bhban.com, fy5, 010-1637-6075, female
김채준, 66, z7ee2gzo@bhban.com, c8h, 010-8293-4065, female
김윤호, 56, q1xoer3u@bhban.com, o2r, 010-8088-3458, male
이윤진, 40, 9llawrw3@bhban.com, vig, 010-2259-7563, female
이채원, 24, hgzcnccq@bhban.com, xbh, 010-9910-2231, female
임예우, 21, i6sle71c@bhban.com, ii9, 010-5952-3671, female
강주원, 63, bebcx734@bhban.com, dir, 010-1435-7217, female
김지진, 69, rsys7udz@bhban.com, nbk, 010-6130-9973, male
임서연, 55, lbf6impd@bhban.com, l2x, 010-2966-8694, female
윤예호, 42, 4d8xs6pe@bhban.com, mui, 010-1398-3342, female
정지연, 47, u5n2a2d5@bhban.com, mkq, 010-3323-1464, female
김민은, 61, yc1zvlfk@bhban.com, tq3, 010-5707-6088, female
강지준, 44, xx29lp44@bhban.com, igd, 010-8881-2923, male
박하우, 31, w3dhlg7v@bhban.com, oxk, 010-5047-5620, male
장현원, 23, hfzznf6c@bhban.com, z0t, 010-8938-4905, female
정지연, 41, ziwoski8@bhban.com, lvw, 010-1504-5083, female
윤민후, 35, mqmwqebf@bhban.com, qid, 010-9449-4875, male
윤서우, 47, 2rr4gad0@bhban.com, slg, 010-9354-3898, female
이지우, 47, cke344of@bhban.com, mkt, 010-8319-2522, male
윤서은, 62, 12zrrazy@bhban.com, 1ym, 010-9669-3591, female
조서호, 51, et9pu14s@bhban.com, nuc, 010-1659-1315, male
조채은, 34, lx5mfkx4@bhban.com, g1v, 010-4647-5331, female
김채원, 32, 2c6dpzpa@bhban.com, 2xs, 010-7298-9179, male
이채준, 42, qnlck0rq@bhban.com, mqo, 010-7663-9657, male
강민우, 60, ma1thw8r@bhban.com, x2x, 010-4883-8727, male
김도준, 39, fva8s1s1@bhban.com, bdh, 010-7941-6124, male
김윤연, 23, 48hihf4z@bhban.com, 0k7, 010-6821-1153, female
정주후, 23, qyxc2uql@bhban.com, sgg, 010-8596-4778, female
최도원, 30, 93rbn9xr@bhban.com, 896, 010-3387-7364, female
윤민준, 47, d3xrocy6@bhban.com, az4, 010-5804-1904, female
최지우, 25, z2km9s2k@bhban.com, 3lf, 010-4495-4530, male
임지원, 58, 7gsdgsfy@bhban.com, k49, 010-6008-9826, female
조지은, 44, kmlcs77z@bhban.com, sh4, 010-1849-9488, female
장채은, 69, cno4xs6f@bhban.com, kml, 010-7950-4548, female
임윤아, 35, tezxglyl@bhban.com, 8gt, 010-3194-1376, female
이현아, 34, si8b5lz5@bhban.com, wpk, 010-6649-7035, male
장예준, 30, yo1bndmx@bhban.com, uwi, 010-2557-2535, female
강현준, 54, 7sibmlce@bhban.com, c7m, 010-2553-1072, female
이예진, 46, 5h4koggz@bhban.com, ro5, 010-8412-2352, male
정하후, 62, 1vxdzbfz@bhban.com, ulo, 010-9646-7814, male
박윤후, 64, ky8entrr@bhban.com, cry, 010-2217-2727, female
박채우, 69, fhy5xgeo@bhban.com, 5ya, 010-8565-9041, female
임예호, 27, epkpp4e8@bhban.com, qsb, 010-1627-2328, female
강지서, 50, 3ovytdoz@bhban.com, hs1, 010-8962-5091, male
조채진, 60, yu7nrozz@bhban.com, 7zx, 010-1468-4264, female
박민준, 23, 7bhof0rq@bhban.com, gks, 010-9824-6364, male
장지호, 38, qi4qvdpp@bhban.com, 218, 010-1721-1585, female
윤현윤, 31, wwc0lybp@bhban.com, ses, 010-9159-4133, male
박지서, 63, vku1z92i@bhban.com, kp5, 010-2756-2244, male
박윤서, 55, cmkix18o@bhban.com, dvt, 010-9151-6764, female
장윤후, 37, 788ytzux@bhban.com, hx7, 010-8094-4536, male
최지은, 32, 7i27zn36@bhban.com, osb, 010-1645-1110, female
윤주준, 30, f8vmoob1@bhban.com, elp, 010-8330-7258, male
이채연, 44, 74o97ylf@bhban.com, kzz, 010-6623-5997, male
김도우, 67, f2lkgser@bhban.com, f4d, 010-5707-4944, female
임지연, 66, aqwl6znw@bhban.com, pna, 010-6382-2231, male
김도호, 43, q3wmwd05@bhban.com, fpm, 010-4015-1161, female
이서우, 55, i211k4cu@bhban.com, h9g, 010-4306-7885, male
정지호, 28, hzqg16y2@bhban.com, zud, 010-3667-4627, female
장서은, 59, zk68nkzm@bhban.com, e2r, 010-2372-8481, male
김채아, 41, z9zz2x01@bhban.com, 80i, 010-4238-5285, male
강민호, 55, cb8299cq@bhban.com, iql, 010-2147-8119, male
박예후, 41, oznyq1ch@bhban.com, dze, 010-2380-6133, male
이하준, 66, sp7bxb71@bhban.com, oxu, 010-2657-1940, male
윤서아, 26, xz6xznm1@bhban.com, 2g8, 010-4036-2831, male
윤민진, 31, uzdrkvo8@bhban.com, ipy, 010-3651-1165, male
최도연, 49, i9m64xyg@bhban.com, 46i, 010-9734-5890, female
김현호, 40, zis0dhe3@bhban.com, ael, 010-6423-6575, male
강지윤, 69, piin5szz@bhban.com, azm, 010-7278-6653, female
장지원, 48, flf12ibi@bhban.com, 10v, 010-5039-3703, female
김서연, 38, 4xlyd7nm@bhban.com, a9s, 010-6340-9200, female
김도준, 58, l6hc9mhi@bhban.com, hr0, 010-2122-6757, female
최하원, 25, hfxm0v3q@bhban.com, c1s, 010-1246-9576, female
조채진, 68, k9gzlmmy@bhban.com, uyw, 010-3529-2444, female
이윤아, 36, n27xug8t@bhban.com, 13b, 010-4138-3220, female
최지윤, 43, 4ppeowo2@bhban.com, gdk, 010-8974-1497, male
정예은, 29, sxd1tklp@bhban.com, z2i, 010-2112-9999, female
조서연, 53, zlhchh5q@bhban.com, yt9, 010-6967-4151, female
김하후, 56, 7uu8vss7@bhban.com, oov, 010-1756-2900, female
정하진, 30, pgktyu36@bhban.com, ztm, 010-5179-6004, female
조지연, 64, fv0vsrlr@bhban.com, rpm, 010-3524-3077, male
이민진, 50, lszr19wc@bhban.com, 72v, 010-8401-9782, male
강지연, 26, wgsit8l0@bhban.com, n4e, 010-9491-4255, female
윤주준, 56, 580lauzs@bhban.com, zot, 010-3528-8073, male
최윤윤, 55, uwv3yl0h@bhban.com, u60, 010-1956-8786, male
박채우, 25, 8cav05it@bhban.com, ygq, 010-5630-4597, female
장지우, 52, lwd61vzm@bhban.com, p49, 010-7888-5512, male
최민은, 68, b0aao3nd@bhban.com, yvq, 010-4104-3194, female
이현호, 57, 4m6a25r7@bhban.com, m37, 010-9608-4764, female
김주은, 38, 3dth6tw7@bhban.com, 94h, 010-7113-5534, female
장현아, 27, m25l3z4z@bhban.com, mlb, 010-5025-1628, female
김하아, 66, tmyawt1k@bhban.com, dqo, 010-5854-9399, male
최채준, 43, 3qixbk77@bhban.com, xvq, 010-6528-9559, male
장예윤, 49, r7360175@bhban.com, vr2, 010-6947-3331, male
윤예원, 35, m1b7d4z2@bhban.com, 2v4, 010-2252-4842, female
윤현원, 42, btk59t80@bhban.com, qf0, 010-6158-3244, male
박하아, 38, lr2wbxvg@bhban.com, tu9, 010-9161-5572, female
강지후, 42, l6e3smc5@bhban.com, h7a, 010-8366-7035, male
임민은, 49, xilrqm2l@bhban.com, 7av, 010-8932-9571, male
임윤우, 24, qk510auk@bhban.com, 60w, 010-5919-3561, female
박지연, 37, x6223fbb@bhban.com, dnb, 010-2487-2143, male
장민후, 63, c852ivoi@bhban.com, 774, 010-4865-5020, male
박채아, 61, hkwop2k0@bhban.com, ql1, 010-9947-5745, male
이하후, 45, 7vqrmnwz@bhban.com, a9p, 010-7067-9867, female
김서호, 25, tv480zgf@bhban.com, 8ml, 010-4562-3644, male
강서준, 22, 3wz6m5ah@bhban.com, 70x, 010-3224-8647, female
강윤연, 29, b72n3p2w@bhban.com, g19, 010-6822-6921, female
김도호, 29, o92zux6d@bhban.com, z4z, 010-1550-3067, female
강현진, 31, 7251yzty@bhban.com, 298, 010-8456-6018, male
최주진, 63, y3rnzoly@bhban.com, srx, 010-8531-8504, male
장채후, 25, xb8evucs@bhban.com, 11u, 010-4561-8167, male
임지진, 22, wwqw80de@bhban.com, 5f7, 010-3906-4090, male
임지진, 40, ru5hk9lg@bhban.com, 2tz, 010-8216-7562, male
박도연, 34, 85zz67bg@bhban.com, b05, 010-9772-2611, female
최예윤, 56, z012p1a2@bhban.com, kw9, 010-6129-1681, female
조채윤, 32, 00z71eex@bhban.com, 8nk, 010-2428-2865, male
최예진, 40, 4nc8xdzc@bhban.com, 6ic, 010-5073-3728, male
최민아, 40, ip5z0nft@bhban.com, m9x, 010-4742-5600, female
장민서, 70, e6q92yao@bhban.com, k7z, 010-9442-3295, female
조주연, 41, 6xfqkbpz@bhban.com, whz, 010-2181-8638, female
최현후, 41, sxmwt0qc@bhban.com, pch, 010-8064-2844, male
박지서, 52, zwudiree@bhban.com, wbr, 010-2783-1983, female
이현호, 43, 808i7uwn@bhban.com, 8fo, 010-5777-2304, female
정하우, 44, epe8e6yz@bhban.com, 9ah, 010-1938-8978, male
윤지윤, 69, 8iqa7hub@bhban.com, zvd, 010-7359-3766, female
김지연, 61, 0cyc1ezy@bhban.com, pat, 010-7330-7651, male
최채후, 46, yvxb6nzz@bhban.com, sud, 010-7119-9539, female
김지은, 48, 9wwp6ezt@bhban.com, 5iv, 010-5951-7926, female
김예원, 48, 6cz27g1z@bhban.com, xkr, 010-7930-4092, female
이채준, 40, s1842s32@bhban.com, ybs, 010-9742-1986, female
최지우, 60, te9k1cdx@bhban.com, vrc, 010-3427-7356, female
정예원, 65, rktdz3fe@bhban.com, dzb, 010-2636-1156, female
윤예은, 38, zg0ivlco@bhban.com, 37x, 010-3650-7930, male
이주은, 66, te85inkb@bhban.com, mvc, 010-3454-7619, male
조하후, 29, bzksklri@bhban.com, x75, 010-7272-1311, male
박하은, 31, fsdhialf@bhban.com, feo, 010-2277-5315, female
최하준, 33, an09gqw8@bhban.com, ewz, 010-2576-9383, male
윤지연, 42, 2nieagzs@bhban.com, n3o, 010-9540-1471, male
최윤연, 51, zuhqvdkw@bhban.com, ukb, 010-7384-4443, male
정주호, 60, 54rlx4xs@bhban.com, ykb, 010-3223-2371, male
최도원, 68, zgyt8gy1@bhban.com, c1t, 010-4985-3682, female
조서윤, 69, 4rhg20zc@bhban.com, 0sx, 010-8597-6946, female
김하연, 43, i8bchlny@bhban.com, hzx, 010-6201-9642, male
김채서, 31, qsztztkd@bhban.com, axn, 010-1239-5202, male
윤서후, 40, ulq7ogmz@bhban.com, olx, 010-7389-9107, female
김지호, 63, oyelz8g0@bhban.com, w6w, 010-9988-7252, male
최하윤, 34, c8thltf1@bhban.com, z6p, 010-1722-4005, male
임민은, 47, g7u1y1ke@bhban.com, ltq, 010-7338-6129, male
조예진, 37, pkmzfkzm@bhban.com, mcf, 010-9314-9370, male
정도원, 29, 3deyrgo3@bhban.com, idt, 010-2331-5329, male
김현준, 34, wfspd298@bhban.com, 4as, 010-1003-9915, female
김하연, 40, bq4d3cd6@bhban.com, oed, 010-6175-3153, female
정하아, 31, ezufgz75@bhban.com, h1s, 010-3692-3950, male
정도은, 35, pa630pd5@bhban.com, kdu, 010-1233-5537, male
임현호, 35, padgzz84@bhban.com, 7zn, 010-3793-7414, male
최서원, 33, n41bk7lh@bhban.com, 6kc, 010-3647-5131, male
임도연, 52, 3dxgw802@bhban.com, 1w8, 010-9392-4903, female
박하준, 51, q5gtosdg@bhban.com, qap, 010-1735-9131, male
이윤서, 48, if91e18y@bhban.com, fra, 010-5000-6147, female
윤지준, 60, 9lumlvps@bhban.com, r7z, 010-3766-3828, male
박채아, 24, szmzxgwf@bhban.com, syl, 010-4902-2124, female
강하호, 65, bxln9mi2@bhban.com, brn, 010-3326-1817, female
최도호, 63, 3vzllocv@bhban.com, tmf, 010-2338-9716, female
윤주우, 44, 4woequfg@bhban.com, y6z, 010-3373-9004, female
임하은, 68, 1z77etck@bhban.com, 2pu, 010-6575-4005, female
장윤윤, 21, waevnrk1@bhban.com, 8ts, 010-3767-2735, male
김서원, 56, rw8a2r1r@bhban.com, n71, 010-3214-5434, female
박윤준, 36, utw9o0sr@bhban.com, knf, 010-4562-2007, female
김민호, 47, ge44z8gw@bhban.com, tsq, 010-2474-3335, female
윤지연, 30, cszd67vm@bhban.com, 9yv, 010-5777-7847, female
최주원, 37, 0vfgq6w4@bhban.com, z0l, 010-7149-5078, female
정채준, 57, ei4vu8bs@bhban.com, 0xl, 010-4035-2462, female
강민호, 58, 9xpb8ehh@bhban.com, zec, 010-1899-7446, female
최윤준, 39, iteeeyni@bhban.com, bfe, 010-7580-3394, female
조민진, 47, pktcrucw@bhban.com, a7h, 010-6115-1792, female
최현은, 35, 268oicy6@bhban.com, f56, 010-1218-8446, male
조지연, 30, 8b9a6vke@bhban.com, cw6, 010-8690-2866, male
이현호, 47, bvn50x1z@bhban.com, 9no, 010-6127-4886, female
조윤준, 33, d1iov7l8@bhban.com, rdn, 010-8731-9460, female
장현윤, 53, z96ar5va@bhban.com, 6db, 010-3167-7803, male
윤민진, 51, aplo083w@bhban.com, 5z5, 010-4160-8100, male
장서진, 53, 7xer7bat@bhban.com, ea4, 010-9892-4034, male
임도연, 68, uggiqe6z@bhban.com, gf8, 010-4319-6315, female
조도진, 62, 6w8zbw20@bhban.com, t6y, 010-2775-6657, female
정서연, 58, w85kxh1s@bhban.com, rq5, 010-4444-8530, male
임지윤, 48, tx0u2tzw@bhban.com, w2f, 010-1351-2436, male
장채진, 36, 3neoqkli@bhban.com, lr1, 010-4561-6228, male
김지아, 70, 2d2riian@bhban.com, il9, 010-8345-7442, female
정민준, 25, c11z1fif@bhban.com, dpw, 010-1317-9421, male
장현준, 24, xd3nme91@bhban.com, r42, 010-3324-4538, male
윤윤후, 45, 82yqgpnx@bhban.com, 371, 010-8254-4376, male
김도연, 20, rcq453i3@bhban.com, 6n8, 010-8711-6799, male
조서윤, 55, agez372i@bhban.com, yex, 010-2827-2810, male
강주후, 38, e47v4xba@bhban.com, c4l, 010-9305-1783, male
강주호, 39, ot3ydo9t@bhban.com, 8o6, 010-7301-3151, female
임윤서, 62, ewezvigs@bhban.com, kq6, 010-3853-4548, female
강지준, 63, r1bz3m83@bhban.com, ad2, 010-1722-9653, male
김예서, 70, ft2pnmm4@bhban.com, hdz, 010-5347-8850, male
최현아, 53, i9fsgqh4@bhban.com, lvp, 010-8793-5975, female
이채은, 21, 1gcuupm4@bhban.com, qcb, 010-6934-7232, male
장윤후, 56, zboaaizg@bhban.com, obo, 010-3205-2947, male
박윤윤, 44, hsksnpf9@bhban.com, 04z, 010-3407-1322, male
최지아, 39, 1qq4towt@bhban.com, kfe, 010-2383-1227, male
김윤은, 69, 5g7oo9zg@bhban.com, mel, 010-1874-6720, female
조주서, 28, zau5g5gc@bhban.com, d83, 010-2177-5649, female
김채후, 56, ti09x9ic@bhban.com, tp6, 010-1826-8609, female
이지원, 20, qeq9rszm@bhban.com, ez9, 010-8573-3760, male
강지아, 20, 22r5cugs@bhban.com, 0ox, 010-5235-1531, male
최현호, 54, v737o412@bhban.com, ano, 010-7041-5374, female
최지원, 69, 7x2hnhur@bhban.com, vge, 010-3127-1204, female
조예호, 37, 1mzohpa2@bhban.com, 8qa, 010-9010-8144, female
장예연, 47, i236f4h8@bhban.com, lif, 010-3030-1050, female
박예우, 37, zcpxnylo@bhban.com, ss7, 010-6641-2480, male
김하아, 61, eznkue9p@bhban.com, 1lv, 010-1524-7407, female
최지원, 24, 4up6k6ev@bhban.com, 1zr, 010-7696-5638, female
이지윤, 27, 81b15o0d@bhban.com, cir, 010-2133-6674, male
임예연, 46, qynrc1cb@bhban.com, 5w7, 010-8466-7142, female
최지우, 54, 3uk2ol8z@bhban.com, 5dt, 010-9257-7865, female
박민준, 70, qiautzf9@bhban.com, 2w0, 010-5744-5445, male
김주연, 42, ifwd8ty9@bhban.com, lsk, 010-2783-4648, female
김채원, 38, e2fvtz50@bhban.com, vpf, 010-7785-4104, male
임지진, 50, lkotzsc8@bhban.com, 8ta, 010-8893-3232, male
박하원, 60, nz3nm13p@bhban.com, 0wp, 010-9411-5236, female
이도우, 30, 1iqlgxe1@bhban.com, ly0, 010-3278-4163, female
정민서, 35, qohm92ox@bhban.com, q71, 010-6265-4076, male
최현우, 46, wxspgqnv@bhban.com, 8b3, 010-9847-1063, male
정현우, 48, usgvxekz@bhban.com, b7a, 010-5986-2058, male
장민진, 50, xuxkxqps@bhban.com, kww, 010-4604-7167, female
이주준, 49, dz7zs6pz@bhban.com, cev, 010-1747-7013, male
정서윤, 34, 0buftz1r@bhban.com, 6z8, 010-3904-3597, male
강도호, 54, iq3uepol@bhban.com, 1z5, 010-5802-3198, female
최도우, 48, fmbckte7@bhban.com, a5i, 010-8079-7276, female
임예준, 46, 0pdlwio9@bhban.com, kg1, 010-5787-3312, female
조채후, 61, efzyi4qr@bhban.com, bry, 010-9072-3046, male
최지호, 33, rz81iqd9@bhban.com, 21o, 010-8818-2989, female
이민우, 25, uravmp1l@bhban.com, 0xu, 010-4954-9143, female
조채서, 22, uit1sb0t@bhban.com, bpr, 010-2060-1960, male
정윤아, 63, az2yse3f@bhban.com, bxk, 010-2717-1543, male
정민원, 68, 7ef3h3ql@bhban.com, 7ot, 010-4557-8166, male
임도우, 31, nc7rc0qn@bhban.com, c4z, 010-8139-6813, female
조도진, 55, cdegcui3@bhban.com, opl, 010-3910-1248, female
정하은, 66, zu0ccvby@bhban.com, t6k, 010-4994-1016, male
윤채원, 36, oz5wah3g@bhban.com, gvi, 010-3630-1298, female
김윤서, 21, t27l3wsn@bhban.com, 5hg, 010-1255-8555, female
임서후, 56, yspn78pm@bhban.com, ue4, 010-9478-4242, female
박채우, 42, 1mcampc6@bhban.com, lvt, 010-9321-8212, female
장하진, 23, 2e8ma83k@bhban.com, 33u, 010-8512-9941, female
윤하우, 27, bgh6154u@bhban.com, 88g, 010-5969-1418, male
장서윤, 55, ihz1ztwu@bhban.com, kv1, 010-5625-2846, female
임서원, 20, u38g5d16@bhban.com, f6m, 010-1268-2769, male
강지서, 54, fxi5aoac@bhban.com, 3y0, 010-2124-2422, male
윤도은, 45, qdkyc8vt@bhban.com, qxc, 010-5921-3779, male
이윤진, 39, scm16fzn@bhban.com, knx, 010-6674-2986, female
임현후, 34, vxxqp3th@bhban.com, vk6, 010-7027-2223, female
정윤후, 64, ulg2odp9@bhban.com, zci, 010-6574-5865, male
임주은, 54, 3sxh1n3c@bhban.com, li3, 010-5664-2352, male
최민원, 70, spr0y2rl@bhban.com, eq4, 010-8872-9529, male
임현서, 63, vopzfv8v@bhban.com, 4lt, 010-2004-4762, female
정예윤, 32, r7suc6oi@bhban.com, mhm, 010-1648-4463, female
임예연, 70, rac8nk3g@bhban.com, dee, 010-7576-4407, male
강현은, 58, kzfnzpgr@bhban.com, cse, 010-5141-2556, female
강채우, 61, l6wnge5t@bhban.com, b4w, 010-3670-1516, male
임민우, 20, kqwtqetb@bhban.com, zfz, 010-9464-9084, female
정지은, 28, 6v8mebll@bhban.com, oxh, 010-7835-3801, male
임민준, 69, 18fec6fb@bhban.com, wgw, 010-8643-5970, male
조서연, 54, tz48qvsd@bhban.com, zm6, 010-8344-2820, female
윤예연, 21, xc411v7x@bhban.com, qp0, 010-1394-6149, male
박지아, 68, xi3lx6tt@bhban.com, sfg, 010-2848-4762, male
이윤준, 70, k8d5mh83@bhban.com, kpt, 010-5523-7743, male
장하진, 29, d842z9n9@bhban.com, w6n, 010-6993-5562, female
최서원, 43, swr4kekp@bhban.com, 9og, 010-8794-1057, female
임하서, 51, wufvmirp@bhban.com, hl4, 010-5587-3488, female
정하윤, 66, ebz98n24@bhban.com, mhf, 010-8451-7716, male
최민원, 33, wplfg8kl@bhban.com, ckg, 010-9059-4436, female
박현호, 35, v731v15w@bhban.com, uyl, 010-3833-3574, male
강현연, 32, zmg8fzso@bhban.com, san, 010-2386-1808, male
박채아, 56, d79xd4l5@bhban.com, h53, 010-1964-9933, male
박지우, 59, adknfdr4@bhban.com, f8g, 010-6582-1172, female
윤현우, 48, zsy636e1@bhban.com, zzq, 010-2785-7811, male
최하서, 55, neeoct1u@bhban.com, 4n8, 010-2724-1729, male
이예호, 53, x0g660t0@bhban.com, ypg, 010-9689-4099, female
강서연, 62, cxqaomuf@bhban.com, pkv, 010-4662-3775, male
임도은, 49, 3lpkxh74@bhban.com, f2s, 010-2571-5355, male
강예은, 29, eonzle6u@bhban.com, 5v7, 010-4335-3668, male
윤채연, 49, fo5ndisu@bhban.com, biq, 010-8133-4776, female
임지원, 49, sm1z5bsz@bhban.com, e7a, 010-8473-3110, male
장민서, 57, z0fkrr7z@bhban.com, psm, 010-4507-9359, female
최윤연, 48, 6yh73egq@bhban.com, f2k, 010-8779-3161, male
김채윤, 66, vfusi6r5@bhban.com, vs5, 010-3692-6370, male
박민후, 43, p2aexuyp@bhban.com, ciw, 010-6174-7769, female
정현호, 53, 1wl7y8l9@bhban.com, vtl, 010-7338-3725, female
임예아, 66, bek9z3i6@bhban.com, v8k, 010-8767-5975, male
최지우, 21, 1qm5l77m@bhban.com, vvo, 010-8846-2042, male
최지우, 39, fn1k9im7@bhban.com, zus, 010-5179-4504, male
강서아, 49, k486w4a9@bhban.com, siw, 010-1908-9462, male
조서연, 30, 9my3rudr@bhban.com, fky, 010-3905-6789, female
조채아, 26, ycbgmkop@bhban.com, mul, 010-6107-3777, female
최도준, 64, ulw871md@bhban.com, 7ez, 010-2150-3182, female
이예원, 38, eiy6s5yf@bhban.com, 2rv, 010-1882-4348, female
이지윤, 59, xztr6nfv@bhban.com, q3r, 010-8261-5236, female
윤서아, 35, bq32xz5y@bhban.com, 7fx, 010-6939-4924, male
김지윤, 23, 3ztnt1yf@bhban.com, ug1, 010-1447-9044, male
김채호, 52, mk045lz9@bhban.com, ush, 010-2011-6618, female
강하후, 68, 0yvsq9w1@bhban.com, 154, 010-7384-8647, female
조민윤, 65, rxulss0e@bhban.com, g4x, 010-3692-4034, female
김서윤, 55, zcdtz477@bhban.com, z6q, 010-9337-9528, male
박서연, 60, biy4kahy@bhban.com, 0xm, 010-9529-2180, female
강서호, 62, f9bxoffx@bhban.com, b1m, 010-8143-8655, female
정민호, 58, kzthikqi@bhban.com, cp1, 010-5750-9002, male
윤현준, 22, 8zlzzvx1@bhban.com, n1x, 010-8508-9501, female
장도호, 66, 3czcfsln@bhban.com, z6p, 010-9069-1381, female
최채아, 28, 9azrh1n3@bhban.com, bii, 010-5694-3331, female
임예윤, 63, n99zsybn@bhban.com, wu2, 010-1197-1100, female
이지호, 36, 4x0ipcqz@bhban.com, z9g, 010-5820-9631, female
박주아, 36, 3z6zmnzz@bhban.com, arz, 010-7395-9140, female
정지호, 35, 1zzohxf5@bhban.com, 1ts, 010-6774-5386, female
이주원, 55, zv4hqfhu@bhban.com, gpm, 010-7364-1870, male
김예서, 48, q7x0gt2i@bhban.com, c5e, 010-4432-5384, female
정하연, 56, c6l8zah0@bhban.com, gbr, 010-4890-3223, male
박지은, 40, srfxcclp@bhban.com, 6di, 010-2212-9422, male
이예연, 25, 0klu0bk5@bhban.com, dli, 010-4958-2717, female
박지우, 31, zo5whv5z@bhban.com, gk4, 010-6982-4425, male
장지후, 42, 0dhvlwz4@bhban.com, 0mc, 010-2810-2359, female
최도호, 52, 1zkogd3z@bhban.com, 4yd, 010-3681-9935, male
정하윤, 55, wri4m6n6@bhban.com, am9, 010-6655-5044, female
윤지준, 50, kcvbhihi@bhban.com, krz, 010-4313-2077, male
윤민윤, 53, x1n2btml@bhban.com, e9v, 010-8847-5551, male
정민윤, 27, c7le6svm@bhban.com, 9c3, 010-8469-3366, male
김민준, 22, f33xld1q@bhban.com, 04n, 010-5391-8159, male
박예진, 59, k09ipysk@bhban.com, 8mb, 010-7272-3719, female
임도연, 52, kvmsp6sb@bhban.com, rxp, 010-9166-2537, female
정지우, 36, 7rr6z2vy@bhban.com, g6u, 010-5379-6728, male
강현호, 39, fzvhzedc@bhban.com, rxl, 010-9319-6832, female
임민진, 30, huhg0bs0@bhban.com, nni, 010-5067-3632, female
이예원, 21, yfcr48nv@bhban.com, uf4, 010-1352-5166, male
이민진, 68, q7d7hlku@bhban.com, nt0, 010-7516-6174, female
조하우, 40, uuoskrxi@bhban.com, d19, 010-8912-7811, male
조윤우, 31, i8wag69s@bhban.com, zzi, 010-4256-4499, female
장현연, 20, u2v4gu8b@bhban.com, ecp, 010-5417-2734, female
임지우, 38, rdsiy6ns@bhban.com, z3b, 010-8944-1309, male
김현은, 65, 51wp53n5@bhban.com, oht, 010-7247-1755, female
최지준, 47, fzvs8yo1@bhban.com, p39, 010-2413-7092, female
장주호, 46, sx8xcqqk@bhban.com, o0d, 010-2957-6784, female
조지은, 30, sbuemy1g@bhban.com, 0aq, 010-2040-7403, male
임지서, 26, ivw3fbpc@bhban.com, hao, 010-6519-1049, female
조지윤, 49, v2pq2d0o@bhban.com, 0gx, 010-7497-5628, female
임민서, 38, m1i5vlaw@bhban.com, b1b, 010-5459-2699, male
임현연, 66, 42h33izf@bhban.com, 2uf, 010-1004-1585, female
정지우, 67, 54g6kikf@bhban.com, xrz, 010-2358-7380, male
이민진, 54, birgn73b@bhban.com, dbg, 010-1185-3333, male
장예호, 52, 557lksct@bhban.com, twg, 010-9099-4633, female
임현준, 63, za09dcl0@bhban.com, plo, 010-7516-4650, female
박윤연, 27, hoq6bdul@bhban.com, ewt, 010-3289-6547, female
윤지연, 44, dnxo7xkw@bhban.com, ak0, 010-4039-8938, male
장주진, 68, q138zg0b@bhban.com, 4xn, 010-7312-6807, female
임예연, 44, e412anw6@bhban.com, vmx, 010-9672-2311, male
장민윤, 46, zpqfn282@bhban.com, xfd, 010-3780-5106, female
이하은, 61, vcvgx2b4@bhban.com, cvy, 010-7406-6772, female
박채연, 23, 29rmczrz@bhban.com, 0f3, 010-7232-7476, male
정지진, 44, 9yza63sy@bhban.com, wat, 010-2136-7124, male
강윤준, 36, dems97us@bhban.com, cem, 010-6329-2580, male
박하후, 59, 78f7r5zn@bhban.com, sze, 010-4368-5364, female
정예우, 38, ep7fkxgz@bhban.com, q9v, 010-5489-9367, male
정윤아, 25, 9k7l82y6@bhban.com, vz6, 010-1776-7920, female
윤도아, 62, a3iei20i@bhban.com, i7y, 010-3900-1445, male
이윤우, 34, n1bhc1f7@bhban.com, bsr, 010-2147-8730, male
최서은, 61, hk6m0zqq@bhban.com, 1lv, 010-1128-5055, male
임민호, 43, znvqg8wu@bhban.com, a3u, 010-4220-5795, male
윤서후, 67, 7e77s63e@bhban.com, 741, 010-1812-1959, male
임도후, 55, ui2tq5ax@bhban.com, msb, 010-7613-6116, male
이도호, 57, 5dny84se@bhban.com, zyn, 010-7851-7726, female
이주호, 59, 4b8ucpnw@bhban.com, hzd, 010-4963-3768, female
박지준, 55, fp5hshtv@bhban.com, 23z, 010-3158-4003, male
최서호, 58, l02tvi1k@bhban.com, y1z, 010-3179-4027, male
장도우, 32, eugx1i5o@bhban.com, 0wm, 010-9046-7790, male
임예윤, 60, wpizb7z4@bhban.com, hl9, 010-2262-3154, male
박하호, 49, 5wifn7w6@bhban.com, 7gw, 010-9107-8314, female
윤현후, 36, 5c8u4pob@bhban.com, x57, 010-8881-6099, female
장하준, 49, w81bpb1s@bhban.com, d8r, 010-2418-2419, female
정지아, 39, 9dcgozh0@bhban.com, 7wf, 010-5221-3125, female
이지아, 52, s8voxaac@bhban.com, uqf, 010-1942-4323, male
임민호, 62, xfzy7pyo@bhban.com, we0, 010-9229-6286, male
김예연, 40, laewakxp@bhban.com, 4ez, 010-8038-9746, female
윤민연, 43, k2axxk9t@bhban.com, ztz, 010-4276-2240, male
윤현후, 58, 0ow08hcy@bhban.com, tdx, 010-6152-2193, male
최윤호, 38, t1wt4xe0@bhban.com, 291, 010-4747-1442, female
강현은, 36, wyu6btdl@bhban.com, kc4, 010-1902-8467, male
김윤준, 39, kzr3xzd7@bhban.com, scu, 010-9233-9959, female
김주윤, 33, 2ty6hgxz@bhban.com, rpm, 010-4880-7634, female
정윤윤, 35, 8vc1zfil@bhban.com, kap, 010-8750-6868, female
박지은, 29, x1ky6x2g@bhban.com, zzm, 010-7114-5261, female
최하은, 40, tunvls59@bhban.com, bqz, 010-1227-4306, female
조서우, 52, k1y7k9av@bhban.com, ptf, 010-4246-7986, male
윤민은, 66, hwyzzf11@bhban.com, y8n, 010-6125-7500, female
윤현은, 26, o3d3xxtq@bhban.com, dym, 010-6261-3639, male
최하호, 65, 4kogfzmp@bhban.com, s8v, 010-3837-8505, male
조도은, 39, hmyyz3u9@bhban.com, 88z, 010-4846-1583, male
장도호, 68, se5msxel@bhban.com, vmt, 010-4854-4463, male
조예연, 52, dzxg7kmt@bhban.com, 5z5, 010-4415-2569, female
최도우, 58, wzg9y7zu@bhban.com, 0kv, 010-9410-8065, female
김지아, 22, 0sggz1mo@bhban.com, c7n, 010-3136-2067, male
조서준, 37, e7uftfmz@bhban.com, e23, 010-7104-4465, male
김예후, 46, m6dif4dx@bhban.com, kgd, 010-9241-9510, male
강윤원, 70, mvt0n0wm@bhban.com, ibe, 010-2480-8424, female
윤예연, 35, 1vr0a07z@bhban.com, 1f4, 010-1955-4546, female
박채아, 41, ifqlry6d@bhban.com, opt, 010-2364-6565, male
임민호, 29, e7zxiomy@bhban.com, 42d, 010-6808-7408, male
조도준, 23, olk75pr8@bhban.com, eyw, 010-9613-6495, female
임윤아, 68, hbgzngxo@bhban.com, 9cx, 010-6603-8995, male
박현원, 49, deh8noz2@bhban.com, zeb, 010-8340-2773, female
임하호, 29, 31vmotzp@bhban.com, t07, 010-3666-6772, male
박민은, 35, n5a373uz@bhban.com, 3m8, 010-6363-5872, female
임채아, 59, drp01epz@bhban.com, e73, 010-9990-2538, female
김채우, 36, d24vv436@bhban.com, 8fu, 010-8673-2863, female
김도연, 24, 2sez6zoy@bhban.com, 730, 010-2135-2895, female
이서연, 37, zei0ptzm@bhban.com, mnc, 010-9520-9557, male
최윤원, 63, bhqzc6bn@bhban.com, 5f8, 010-2334-8614, male
정채윤, 64, llt8hx53@bhban.com, z8u, 010-9783-2678, male
박주은, 23, x8io4rt7@bhban.com, kca, 010-2652-8298, male
김민서, 46, sarykc54@bhban.com, bau, 010-3869-3729, female
최서아, 43, 7mu27tit@bhban.com, 3h3, 010-4962-2546, female
김도호, 42, df3b5b57@bhban.com, p2v, 010-4466-3739, male
윤지호, 20, z1zzm7z5@bhban.com, h17, 010-9879-1256, male
강현우, 20, 5ogx2cpk@bhban.com, rlh, 010-3700-5192, male
최현호, 27, 5sbuei42@bhban.com, pqe, 010-7847-1537, male
정지은, 20, hx049mh9@bhban.com, q9p, 010-3382-9445, male
임도서, 29, xyg3052l@bhban.com, 9ay, 010-3581-2909, male
최도후, 32, 4guaktmf@bhban.com, ka1, 010-6951-7892, male
최민은, 66, u2ayuc9l@bhban.com, hbh, 010-6357-8409, male
조예원, 64, zqs63oxb@bhban.com, nys, 010-1870-9375, female
정하호, 58, ueqqbqzn@bhban.com, 9pg, 010-9528-3879, male
조채서, 22, fpk77kky@bhban.com, xt6, 010-2899-2149, male
강민진, 57, lcdlql6z@bhban.com, r3p, 010-9916-9853, male
임채아, 49, eyscd37w@bhban.com, clx, 010-9573-5741, female
최지후, 46, h85l8l4z@bhban.com, f66, 010-6009-2231, male
조예호, 64, ydz14029@bhban.com, hei, 010-7251-1183, female
최민원, 46, 4ff6evwe@bhban.com, 41z, 010-7801-8976, female
윤윤연, 43, s720bd8p@bhban.com, iml, 010-4332-8915, male
김채준, 28, uubqkmfq@bhban.com, 12o, 010-9947-1197, female
임주후, 42, b98xkbz3@bhban.com, sks, 010-5186-1256, female
장윤준, 50, o79qsmt8@bhban.com, gv5, 010-7571-6276, female
박채호, 67, r9ufg51a@bhban.com, 3wm, 010-3718-8964, female
임주연, 60, oolk84dt@bhban.com, d1i, 010-3108-3271, male
임윤진, 52, u6os1zbz@bhban.com, ypk, 010-6015-3667, male
이도원, 25, 25kd7ebp@bhban.com, tu0, 010-7698-4249, male
임지준, 38, gfdstuq7@bhban.com, cfl, 010-3759-5743, female
정지원, 40, 6ubdp9yq@bhban.com, spm, 010-6790-8243, female
조하윤, 46, euy86180@bhban.com, 6ho, 010-4213-5321, male
장주원, 23, 556oslem@bhban.com, 794, 010-7701-4407, male
박지호, 64, 0dsl8em1@bhban.com, xi0, 010-6056-6378, male
박지호, 46, 5zwcit37@bhban.com, wz8, 010-6425-1359, female
최주윤, 41, 673zv2gd@bhban.com, yhx, 010-1586-8066, male
임현준, 61, fhfxp03i@bhban.com, k4h, 010-5367-6188, female
이지연, 33, b8g80suy@bhban.com, uq3, 010-7691-8649, male
정서연, 21, o29hv21m@bhban.com, trr, 010-2079-9025, male
박현준, 25, hf3erbyz@bhban.com, 0b3, 010-5542-1841, male
윤현윤, 50, nghc1fyz@bhban.com, cns, 010-4762-5830, female
박하연, 38, s0eeokr4@bhban.com, bfm, 010-7492-3523, male
박지진, 30, a72ti3k3@bhban.com, ozg, 010-1035-1803, female
장예호, 48, aesc1hqw@bhban.com, exp, 010-8369-6097, female
김민진, 45, g7sttcbz@bhban.com, s89, 010-8938-3304, female
임지호, 44, p1nzzdss@bhban.com, qx2, 010-6433-3452, male
강주진, 52, x07d0ufl@bhban.com, ioh, 010-7940-3121, female
이지원, 46, ld11fd4g@bhban.com, l9x, 010-8991-1383, female
이채은, 43, g317mrzq@bhban.com, iqc, 010-7103-4709, male
임지서, 64, 2mtytzi4@bhban.com, 5s1, 010-6845-1279, male
정지원, 60, nfwyy51x@bhban.com, h4z, 010-2726-8228, female
장현윤, 36, 78ufgkbq@bhban.com, 5wz, 010-1422-2809, male
윤예서, 35, 6r20ac25@bhban.com, 568, 010-9486-8475, female
임지서, 23, agqnzz0k@bhban.com, txt, 010-3414-1359, female
정지아, 56, br7o7t1u@bhban.com, vxl, 010-6883-1592, male
강지아, 34, w8vagz2e@bhban.com, ceg, 010-4224-2000, female
정도진, 59, xyvz8uun@bhban.com, n0v, 010-5149-2657, male
김민호, 60, x1qo42hf@bhban.com, v8x, 010-8590-8416, male
윤윤후, 53, ekrkl8x9@bhban.com, pmr, 010-2997-1438, male
조도원, 62, 6axalkxv@bhban.com, vov, 010-3992-1106, female
조윤준, 42, 51e6sy1u@bhban.com, cnu, 010-9074-8506, female
정주은, 36, er0qik9c@bhban.com, z10, 010-7783-1065, male
정민우, 27, nu7lnnyw@bhban.com, 50o, 010-7515-4639, female
김윤아, 42, zxpy831p@bhban.com, znk, 010-7487-4878, female
임도연, 24, groabb05@bhban.com, ks8, 010-4401-4155, male
임예서, 63, 37sfmz7s@bhban.com, 7ky, 010-8562-2271, male
박하후, 45, 48ntm459@bhban.com, 9kr, 010-3572-8915, male
박지호, 54, t8oydm09@bhban.com, yfa, 010-4977-2060, male
박주아, 67, mb2diidl@bhban.com, 10b, 010-3268-3575, male
박지윤, 39, v487zo5b@bhban.com, 281, 010-4246-5992, female
조주은, 39, 9zi91260@bhban.com, kkw, 010-2560-4857, male
조주아, 52, dzzttywa@bhban.com, k6x, 010-4119-7565, female
강현준, 35, o2oswb50@bhban.com, hco, 010-1409-7283, male
이주진, 67, qkywzzx1@bhban.com, amg, 010-5439-8884, female
정채준, 25, 1wamg58o@bhban.com, kz0, 010-9823-3202, female
김지연, 22, cpdhhh9i@bhban.com, puc, 010-4300-5168, female
최서호, 25, dzetbv0y@bhban.com, 0ak, 010-2688-9450, female
장윤진, 54, smx2184c@bhban.com, wuz, 010-2803-7789, male
박지원, 24, elgyps40@bhban.com, ptb, 010-6962-7717, female
박서후, 38, 1sqw08lv@bhban.com, vnr, 010-5952-1221, female
김현진, 67, l14gwr2z@bhban.com, hkq, 010-7735-1679, male
최현우, 33, 6m1olz9z@bhban.com, 9zv, 010-1934-4514, male
조서진, 20, sah4glgm@bhban.com, qer, 010-5932-4349, male
박주후, 40, r44rywo3@bhban.com, 7dz, 010-5069-8609, male
윤도진, 25, cr38fpu2@bhban.com, qw2, 010-1345-9440, male
최지후, 50, hgu47z05@bhban.com, 95z, 010-4496-2952, female
박예호, 67, mi4qb63y@bhban.com, z1c, 010-8132-3587, female
이주진, 23, i9d46bb2@bhban.com, dns, 010-4241-8779, female
정주진, 63, r4q31kdz@bhban.com, 2l2, 010-7596-3581, male
박지은, 46, 9ncyzf7o@bhban.com, 73k, 010-6846-6772, female
임현우, 48, xzi0sus9@bhban.com, xz2, 010-4263-1173, male
윤현호, 69, nmhnadpt@bhban.com, 9ex, 010-6140-8600, female
윤현호, 30, qw6hcd1u@bhban.com, hru, 010-7084-6921, male
임민호, 66, 92hpu7s7@bhban.com, zim, 010-1551-8755, male
박주진, 32, darf8qxn@bhban.com, 9nw, 010-6435-1133, male
강채아, 45, gd8f65k2@bhban.com, n1o, 010-5044-6474, female
장민원, 28, 0prgdry8@bhban.com, br6, 010-3742-2832, male
강채준, 63, r3ngy979@bhban.com, txt, 010-7777-5533, male
최현진, 38, tliz6lgz@bhban.com, 68m, 010-2014-2256, male
이채진, 47, zabiqdyt@bhban.com, sbg, 010-9050-6133, female
강지은, 64, z9zgzzda@bhban.com, qsf, 010-3077-3631, female
박현후, 22, 5z8yyzkv@bhban.com, z68, 010-5178-7014, female
김예아, 45, 4zb042oc@bhban.com, wnr, 010-7062-3593, female
이서호, 32, 4iar3fc2@bhban.com, pw5, 010-3406-9690, female
박서서, 58, 5cgufxls@bhban.com, iqd, 010-5459-5177, female
장지서, 47, 2uxcfz2y@bhban.com, pg0, 010-7866-7125, female
이채호, 38, zdwhzsue@bhban.com, dv4, 010-8331-7817, female
최하원, 37, x451g09c@bhban.com, sfc, 010-2536-6325, male
장서연, 57, c6xk126z@bhban.com, ny0, 010-4016-8490, female
정지아, 34, syuawmzg@bhban.com, oz7, 010-6138-3243, male
윤서은, 31, vtt4quzb@bhban.com, f3o, 010-9069-1325, male
최예연, 64, hym3tary@bhban.com, haf, 010-7798-7042, male
장주아, 49, q88pz58w@bhban.com, 4o1, 010-2947-4456, male
임하서, 20, aaul0clk@bhban.com, oki, 010-3544-7588, female
조예진, 53, kd9d16si@bhban.com, u49, 010-7408-6196, female
이서서, 69, bt9pursu@bhban.com, ean, 010-5804-5741, male
장현서, 30, fccrp1za@bhban.com, ceo, 010-4020-7369, female
장민은, 52, rsz45viu@bhban.com, yzb, 010-8001-2176, female
정도호, 53, o29k5rb0@bhban.com, 41t, 010-1656-9477, male
최도우, 32, uzkxpfnm@bhban.com, o23, 010-5334-2940, male
김도호, 61, 2vepuytl@bhban.com, rrm, 010-9380-2349, female
김윤우, 59, 5q0i3n85@bhban.com, zl7, 010-8054-4080, male
장현은, 54, mv6hq71u@bhban.com, 31a, 010-5474-7844, female
장윤윤, 61, hyzv5hul@bhban.com, rft, 010-5659-8058, female
조주진, 63, r9ey986o@bhban.com, 6n3, 010-7270-1518, female
강지윤, 37, cm7zuuhp@bhban.com, noo, 010-8653-6259, male
강서원, 28, ysmc6rud@bhban.com, teu, 010-9495-4132, male
최현진, 49, dc8s0707@bhban.com, 83z, 010-7756-8693, female
강하호, 49, ytb7zbkc@bhban.com, 8mu, 010-5173-5547, male
김도호, 26, b4ro7ts8@bhban.com, 1t8, 010-8626-7139, male
조예후, 46, 6pder5kl@bhban.com, mpa, 010-8656-4038, female
윤하준, 35, cqwiqfuk@bhban.com, lgy, 010-3770-3134, male
강하은, 48, 6k9eozqt@bhban.com, n59, 010-9866-5026, male
임현은, 49, 7hag8z3o@bhban.com, v0s, 010-2894-3271, female
이주은, 47, 774ixfxl@bhban.com, gzv, 010-6973-7646, male
윤민후, 61, 5zi79ww0@bhban.com, rpw, 010-2957-5650, female
박현준, 53, pgmcuh7l@bhban.com, ulh, 010-4418-6310, male
윤채호, 28, zz5bwct9@bhban.com, t02, 010-6545-7073, male
이하은, 28, fcxsr374@bhban.com, 80z, 010-8953-6777, male
정주윤, 63, 8xe0nbur@bhban.com, cnz, 010-6625-4520, female
조민원, 23, zg66q8za@bhban.com, 9yc, 010-5355-9149, male
김민진, 32, u9knrdi0@bhban.com, nv6, 010-3438-5133, male
장주윤, 42, 0h0zzd2c@bhban.com, xzw, 010-1768-2392, female
김주은, 36, khus4lg1@bhban.com, i52, 010-5802-7223, female
장채아, 51, 2h3z4fhx@bhban.com, 8n5, 010-6293-4997, female
이채아, 70, t2tyu5ih@bhban.com, 54f, 010-4328-6596, male
윤지서, 22, ho9unoer@bhban.com, ggd, 010-7138-3576, male
장서우, 59, 2n6aaa0y@bhban.com, z7w, 010-4763-2735, male
윤민후, 37, wy53folg@bhban.com, kf1, 010-6057-7976, male
조채진, 34, 9p98957k@bhban.com, zd3, 010-7790-5539, female
이민원, 48, my0ifyxh@bhban.com, 5k1, 010-3897-2331, female
김민아, 44, 6gnbdfz3@bhban.com, cw3, 010-8282-5384, female
박지아, 61, u7q87dvs@bhban.com, olu, 010-3130-4361, male
강채호, 40, 72nlgw35@bhban.com, v9z, 010-8818-7356, female
조예원, 69, zituv0vo@bhban.com, uqr, 010-2594-1168, female
조서서, 27, kktktvgi@bhban.com, vz4, 010-7034-1759, female
김서원, 48, lo3gyvbv@bhban.com, sxk, 010-6777-1669, male
정예후, 25, eundfgbg@bhban.com, fu5, 010-2764-6050, female
장예아, 57, myacidzz@bhban.com, kyh, 010-2283-9310, male
장지아, 69, 68swuq3z@bhban.com, gos, 010-8775-3916, female
박현진, 41, 7skmsr85@bhban.com, wn8, 010-9759-7808, female
최윤우, 48, h81q26dc@bhban.com, m8k, 010-7274-7391, female
이윤호, 44, u2k7b26b@bhban.com, nl5, 010-6074-3677, male
이주호, 30, f5z06igz@bhban.com, vtf, 010-6312-8557, male
장주준, 38, 56voi5am@bhban.com, 2vz, 010-4450-6245, male
윤민후, 42, 71ycezhv@bhban.com, zt7, 010-1627-3268, male
조주은, 62, 4zigznnc@bhban.com, log, 010-7895-2279, male
이현서, 22, 3f8vfazh@bhban.com, 6er, 010-1609-2839, female
박지원, 27, oh7mgq1k@bhban.com, 4hf, 010-4427-8221, female
강현은, 20, 2fz1a3ip@bhban.com, htt, 010-4633-5102, male
장주우, 57, 22mdzsfh@bhban.com, f1e, 010-7809-2909, female
강현후, 53, g82xgnvs@bhban.com, 5ng, 010-5200-2111, female
최지서, 41, wcxoxe37@bhban.com, 1az, 010-5714-6153, female
김윤호, 45, iz60l6mp@bhban.com, g0z, 010-8662-7116, male
윤예서, 64, sou417vn@bhban.com, ywr, 010-5611-9348, female
장윤아, 26, ozl3e597@bhban.com, 8nv, 010-6733-2114, female
이채진, 33, a4m1svlq@bhban.com, ph6, 010-1154-9936, male
조도후, 20, kyiksohz@bhban.com, gac, 010-6684-7555, male
박하연, 58, zztva4yq@bhban.com, 55l, 010-8187-2848, male
윤주호, 70, aiwnicg7@bhban.com, m11, 010-3102-1232, male
김하원, 31, tdww406f@bhban.com, rzw, 010-9554-9469, male
조서아, 61, 114t68xi@bhban.com, li2, 010-7515-3832, male
김주우, 50, 29nlcu2i@bhban.com, t4y, 010-6710-9904, female
조도윤, 35, rduy1xor@bhban.com, pyu, 010-4361-7117, male
윤주서, 58, 7duyzsmw@bhban.com, 8kw, 010-2171-6314, male
정채진, 22, ek2fasm7@bhban.com, tmb, 010-4094-1282, male
임윤호, 70, arncpizn@bhban.com, 1sz, 010-7570-2406, female
강예원, 43, cpmqs92x@bhban.com, 2pi, 010-2425-6873, male
장지아, 26, ovp82zv4@bhban.com, 6ix, 010-5489-4444, female
이민진, 28, lppgceza@bhban.com, yta, 010-1136-9994, male
정서윤, 22, bdu36d0q@bhban.com, 0wi, 010-7605-1097, male
조지우, 51, cmzlb7gw@bhban.com, ar4, 010-7627-7187, female
박예아, 43, xdgn9qrz@bhban.com, zn9, 010-7866-4660, male
강서준, 62, 7zuyua3r@bhban.com, z6a, 010-3935-3560, male
임지연, 36, 7f9ukb0f@bhban.com, dbo, 010-1756-9758, female
박지연, 56, pks91z2s@bhban.com, 3xw, 010-4835-8048, male
장민윤, 24, qrl82rry@bhban.com, 7na, 010-7541-5583, male
박윤우, 61, 30dzypaw@bhban.com, v90, 010-3348-6528, female
최지연, 39, 79pk0x9e@bhban.com, lco, 010-2053-6489, female
장민윤, 34, 77m32l7l@bhban.com, mih, 010-6421-8947, male
최도서, 52, a3rbdrc9@bhban.com, pn1, 010-9635-3303, female
이주준, 33, iwpwhvdf@bhban.com, uxv, 010-5279-7357, male
임윤준, 40, ggz13tcp@bhban.com, mvb, 010-3373-3162, male
윤윤호, 67, zg3yxrrd@bhban.com, q1n, 010-1423-5865, female
임주준, 63, xz1qlgc9@bhban.com, s0i, 010-2579-9868, female
임현연, 23, 7lro0fyd@bhban.com, 08p, 010-3546-1901, male
박민원, 51, 3f46wa1z@bhban.com, zt8, 010-9428-2821, female
최하연, 44, 6hz9yf7c@bhban.com, ee2, 010-1651-4303, female
강도윤, 51, 69hcaiwy@bhban.com, c2v, 010-6556-6272, male
김도은, 40, 3nay0z3p@bhban.com, clu, 010-3364-3831, female
최도서, 52, k8tip2vg@bhban.com, a3z, 010-4489-7921, male
이지원, 39, kkf7bfz3@bhban.com, l1q, 010-8384-9390, female
윤채후, 56, 9d3hg652@bhban.com, 9o3, 010-9773-9170, male
이도호, 65, oxqcvd15@bhban.com, ort, 010-1783-6066, female
강하윤, 46, mx37w7e2@bhban.com, zhn, 010-8349-4016, female
최도은, 56, utiyldzn@bhban.com, 8rl, 010-5296-2746, female
김하원, 35, bu68awl9@bhban.com, 9n0, 010-6992-3952, female
김예연, 45, upo712sg@bhban.com, hfn, 010-5783-6606, female
김현준, 26, 5ibxtzw2@bhban.com, t54, 010-6850-9625, male
김민서, 37, 0xel5gza@bhban.com, 1ta, 010-1892-1525, male
윤채윤, 45, hdqpzddl@bhban.com, ztk, 010-6369-3494, male
박도원, 52, z9lt6tg4@bhban.com, 3ie, 010-7266-3342, female
박예은, 44, eqg1a6cr@bhban.com, bxv, 010-6714-5744, female
임지은, 32, 2drh0ler@bhban.com, ewi, 010-2055-5534, female
최지우, 70, ccnpqr5w@bhban.com, hkb, 010-3057-2259, female
강예은, 50, e9qoxv3l@bhban.com, a6k, 010-3430-3912, female
윤윤준, 38, 4whd7rxe@bhban.com, dde, 010-9867-9052, male
정지원, 44, 32nmekbt@bhban.com, fr3, 010-5277-5351, male
정도준, 55, nc7h53x5@bhban.com, byu, 010-6076-8811, male
최도진, 65, o5881khd@bhban.com, qwo, 010-2223-6731, male
장채후, 26, iiw3d6r2@bhban.com, uwn, 010-1321-7514, female
정지진, 32, 2cieopzs@bhban.com, ree, 010-6162-5324, male
강지은, 54, 6vb2o4es@bhban.com, x9n, 010-4307-4555, male
김윤연, 58, bcaqldak@bhban.com, 3pm, 010-3371-7296, male
정지은, 55, pzt5xlzs@bhban.com, egz, 010-8846-9455, female
윤민은, 69, 2tqc947k@bhban.com, sa2, 010-7414-7630, male
윤도아, 46, leqe34s1@bhban.com, fwg, 010-7648-1662, male
장주은, 55, vuhhpso1@bhban.com, dk3, 010-7729-4573, female
장예아, 54, 9npbtktz@bhban.com, 7pe, 010-5113-5206, female
이주호, 46, 9zcs6dkn@bhban.com, dz3, 010-9467-5593, male
장예연, 55, wu8cvwwk@bhban.com, qz3, 010-9669-9485, male
조주진, 64, rz3scznw@bhban.com, ilz, 010-1722-3399, female
이도윤, 46, 22xwhooe@bhban.com, wvx, 010-4831-4561, female
이지진, 56, tz2lvavn@bhban.com, vvb, 010-9424-8608, male
박도진, 65, tzr1d49h@bhban.com, 8mn, 010-1814-9050, female
김서진, 27, 5h8h8ye0@bhban.com, lw6, 010-6104-3854, female
이도호, 65, xcqbqc14@bhban.com, dfz, 010-6388-4835, male
정지아, 66, vmvawmzv@bhban.com, 80u, 010-7826-8955, female
임하서, 36, 7mqv6979@bhban.com, xn4, 010-9268-7219, male
윤지진, 68, ez7avvom@bhban.com, 5vt, 010-1267-2952, female
강민서, 44, 2upo77gh@bhban.com, ngx, 010-4523-5927, female
윤민우, 64, uy7zdn9r@bhban.com, d8h, 010-6355-2352, female
박지호, 64, dtwzwqi6@bhban.com, s82, 010-1145-9481, male
강지연, 24, t8ou2h8z@bhban.com, n52, 010-7097-3212, female
임지아, 20, cturbkh4@bhban.com, qdw, 010-1497-8357, female
임윤은, 42, vk3s7c4o@bhban.com, x4z, 010-1373-6978, female
조예은, 38, agkfdhve@bhban.com, op9, 010-3297-4194, female
임도준, 47, 0vhzlzna@bhban.com, xiy, 010-6710-2136, male
윤채후, 37, wiwrhk3z@bhban.com, hc9, 010-2170-5630, male
윤주진, 40, yz4i3zpz@bhban.com, a1i, 010-9076-9263, male
김윤아, 41, xoz8zkza@bhban.com, 2ry, 010-2830-9282, female
최지준, 39, yvdo6w0x@bhban.com, ami, 010-1105-9788, female
장예아, 33, kf2xn2lz@bhban.com, moi, 010-3982-9810, male
김하준, 46, gmyxekvy@bhban.com, nrn, 010-3588-9463, female
임윤은, 55, z0ztvp0x@bhban.com, 211, 010-9553-2128, male
조예우, 49, 537kgiyx@bhban.com, qwe, 010-9410-5400, male
장주연, 40, h3449r1w@bhban.com, 174, 010-3891-9147, male
윤하연, 34, n2wtwa0r@bhban.com, 1xz, 010-8780-5720, female
정예호, 49, aqchpz9d@bhban.com, 798, 010-9147-4970, male
최예연, 61, ktsb2r0r@bhban.com, txx, 010-4607-9224, male
조지우, 33, 1k3yg59w@bhban.com, 6v0, 010-8177-9174, female
박지후, 34, zrv4xx5r@bhban.com, uuf, 010-8129-4111, female
이예우, 56, w2cd4g8s@bhban.com, t7t, 010-8355-3906, female
이주아, 50, rp39p1zp@bhban.com, 29u, 010-4972-8347, male
최서진, 66, vuotffws@bhban.com, zph, 010-8701-1017, female
최윤우, 25, kv8wdms6@bhban.com, ten, 010-3709-2930, male
최도우, 64, tqmmqya1@bhban.com, m6i, 010-4675-8984, male
정도아, 69, 2dzg58z4@bhban.com, z3s, 010-5603-7154, male
조현연, 64, q5uza5k9@bhban.com, c6r, 010-5696-1271, female
윤지진, 47, pfnbkpg8@bhban.com, x6g, 010-3838-6658, female
장지윤, 31, pgzqnc23@bhban.com, 28y, 010-5625-3100, female
이민준, 69, 3fvcrzpd@bhban.com, u6z, 010-6433-5055, female
임서원, 64, fxn7dvls@bhban.com, v1a, 010-6047-2680, male
이민후, 54, 1frmx0ro@bhban.com, no2, 010-4732-7839, male
이채은, 31, p5mrqzgf@bhban.com, ehx, 010-1288-4611, female
강하후, 57, dbm3569k@bhban.com, i5f, 010-8643-4028, male
조현아, 28, d9u8tmq6@bhban.com, ssz, 010-4472-8053, male
이지연, 20, z0z6qt6b@bhban.com, i4n, 010-5290-6979, female
최윤진, 48, q2w0vdzl@bhban.com, 9g0, 010-2407-1990, male
강서원, 21, xhe6zkft@bhban.com, wfa, 010-7796-4355, male
장지윤, 47, 9elmnnm8@bhban.com, a9g, 010-3296-8355, male
최지서, 68, t6irynms@bhban.com, r7y, 010-3785-8760, male
장도준, 22, 586cp0gf@bhban.com, uk3, 010-7131-2457, male
조채후, 58, 8z2o1f3q@bhban.com, 3cf, 010-7070-9233, male
박민윤, 57, 80bxgkuw@bhban.com, 3c2, 010-6050-3782, male
박윤서, 60, ky6rs8e0@bhban.com, we6, 010-8472-8984, male
조지원, 42, 3c596sql@bhban.com, dme, 010-2193-7140, male
조지연, 22, s7dy5tfh@bhban.com, ttm, 010-3853-9311, male
정민아, 57, 83zponkp@bhban.com, 7m5, 010-8940-7219, male
이채진, 32, vcwawslb@bhban.com, 6u1, 010-7776-8373, female
최채아, 34, pywhw4xq@bhban.com, 1f9, 010-1568-2607, female
최하아, 58, oohbw84a@bhban.com, yv9, 010-6567-1061, male
임지윤, 22, wmipsyw0@bhban.com, 9zi, 010-3938-3319, female
박도은, 69, g8p5y8ca@bhban.com, icq, 010-1568-3314, female
장예준, 48, h724mvta@bhban.com, tbs, 010-5626-3483, male
강주진, 68, avlstm3z@bhban.com, xyn, 010-8645-1588, female
장지윤, 25, zzo8wpv6@bhban.com, t8t, 010-8724-7298, male
박지서, 68, ekbgbf40@bhban.com, nzn, 010-6754-7142, male
임윤은, 30, lmbut57b@bhban.com, dbx, 010-1244-2136, male
조민호, 32, ag7mn1mv@bhban.com, yw4, 010-9565-8466, male
김민원, 57, s7f0ngqu@bhban.com, cw6, 010-7513-3480, female
조예아, 48, bzyoc2oi@bhban.com, ali, 010-5483-7104, male
장지은, 32, wenz6eqo@bhban.com, zyw, 010-3450-1528, male
김윤원, 27, vzyblgnx@bhban.com, 0y5, 010-8441-8248, female
임채연, 45, 6nzhlqfg@bhban.com, 1gq, 010-7876-8718, male
정지우, 32, klzdqe06@bhban.com, 8eo, 010-9784-2757, female
김민우, 40, 2u97nas7@bhban.com, 1dr, 010-8639-7164, male
임윤아, 27, yhzekcnv@bhban.com, 9o8, 010-2318-4368, female
김하은, 30, od5zx9l0@bhban.com, zbz, 010-4674-5701, male
정서준, 39, 4hngnaey@bhban.com, eig, 010-1832-4240, male
김주우, 45, 1z29rfz1@bhban.com, qki, 010-8031-1289, male
이윤진, 66, wp1itg3i@bhban.com, 16x, 010-3265-9471, female
정지윤, 23, xh2buz0v@bhban.com, u4z, 010-1591-1807, female
이현아, 41, 63b5he55@bhban.com, 7l0, 010-4630-9700, female
김민호, 61, m2adlutv@bhban.com, xhu, 010-7813-8402, female
정주은, 43, xc7fzxf1@bhban.com, ku7, 010-2438-9916, male
김지후, 42, a1vv4zst@bhban.com, z1a, 010-6642-7079, female
박도서, 44, mrez56u9@bhban.com, gs7, 010-5921-9821, male
최민후, 21, c5bq0urx@bhban.com, oaq, 010-6042-4490, male
정도호, 69, gvxzg4qz@bhban.com, e39, 010-6397-5376, male
김현진, 63, dvowr2vo@bhban.com, lxe, 010-7288-8459, male
장윤준, 36, n4c7lw5g@bhban.com, lc3, 010-9594-9622, male
김채은, 42, y5mwpqgp@bhban.com, s9x, 010-2583-3133, male
장현진, 30, uohi30dq@bhban.com, pp6, 010-4643-2157, female
김현은, 21, kk8auxvw@bhban.com, pkh, 010-2304-7171, male
임지진, 35, 5o4m3ur5@bhban.com, 1na, 010-2260-5413, female
최예아, 20, 0t5tx5km@bhban.com, oc4, 010-6599-9976, female
윤채호, 54, 5h7z8e4b@bhban.com, 2ku, 010-6963-1897, male
임하진, 44, y5ri2e3s@bhban.com, kx5, 010-1039-8959, male
최민원, 42, g4m831b3@bhban.com, po8, 010-6386-7066, male
강예진, 61, idpo9v84@bhban.com, z27, 010-2128-8912, female
임채원, 39, km8p9azx@bhban.com, skz, 010-3653-3920, male
장서서, 65, ridb63vf@bhban.com, xzl, 010-6609-1324, male
김도연, 70, qefi0bt8@bhban.com, a90, 010-7179-2992, male
